{".env":[".env"],"assets/images/hero_illustration.png":["assets/images/hero_illustration.png"],"assets/images/logo.png":["assets/images/logo.png"],"assets/images/splash.png":["assets/images/splash.png"],"assets/pdf/termos_de_uso.pdf":["assets/pdf/termos_de_uso.pdf"],"lib/utils/Termos de Uso Plataforma MedMoney.pdf":["lib/utils/Termos de Uso Plataforma MedMoney.pdf"],"packages/cupertino_icons/assets/CupertinoIcons.ttf":["packages/cupertino_icons/assets/CupertinoIcons.ttf"],"packages/flutter_credit_card/font/halter.ttf":["packages/flutter_credit_card/font/halter.ttf"],"packages/flutter_credit_card/icons/amex.png":["packages/flutter_credit_card/icons/amex.png"],"packages/flutter_credit_card/icons/chip.png":["packages/flutter_credit_card/icons/chip.png"],"packages/flutter_credit_card/icons/discover.png":["packages/flutter_credit_card/icons/discover.png"],"packages/flutter_credit_card/icons/elo.png":["packages/flutter_credit_card/icons/elo.png"],"packages/flutter_credit_card/icons/hipercard.png":["packages/flutter_credit_card/icons/hipercard.png"],"packages/flutter_credit_card/icons/mastercard.png":["packages/flutter_credit_card/icons/mastercard.png"],"packages/flutter_credit_card/icons/mir.png":["packages/flutter_credit_card/icons/mir.png"],"packages/flutter_credit_card/icons/rupay.png":["packages/flutter_credit_card/icons/rupay.png"],"packages/flutter_credit_card/icons/unionpay.png":["packages/flutter_credit_card/icons/unionpay.png"],"packages/flutter_credit_card/icons/visa.png":["packages/flutter_credit_card/icons/visa.png"]}